original,suggested,code,category,action,width,height,format,size_kb,note
file_00000000419c71fbb8db849a9df1613d,alpecca_source_ref_001_file_00000000419c71fbb8db849a9df1613d_v01.png,source_ref,source_reference,source,1536,1024,PNG,2740.3,User/source reference file; keep raw and do not overwrite.
a_clean_character_design_reference_sheet_model_s.png,alpecca_ref_sheet_001_character_designign_referencerence_sheett_model_s_v01.png,ref_sheet,general_reference_sheet,ref_keep,1402,1122,PNG,1539.0,General Alpecca reference sheet or design guide.
a_clean_character_reference_sheet_design_sheet_l.png,alpecca_ref_sheet_002_character_referencerence_sheett_designign_sheett_l_v01.png,ref_sheet,general_reference_sheet,ref_keep,1536,1024,PNG,2301.2,General Alpecca reference sheet or design guide.
a_clean_crisp_illustration_sheet_character_expr.png,alpecca_ref_sheet_003_crisp_illustration_sheett_character_expr_v01.png,ref_sheet,general_reference_sheet,ref_keep,1371,1147,PNG,2275.8,General Alpecca reference sheet or design guide.
a_clean_flat_instructional_reference_sheet_ui_de.png,alpecca_ref_sheet_004_flat_instructional_referencerence_sheett_ui_de_v01.png,ref_sheet,general_reference_sheet,ref_keep,1254,1254,PNG,1264.9,General Alpecca reference sheet or design guide.
a_clean_high_resolution_character_reference_gestu.png,alpecca_ref_sheet_005_high_resolution_character_referencerence_gestu_v01.png,ref_sheet,general_reference_sheet,ref_keep,1536,1024,PNG,2230.2,General Alpecca reference sheet or design guide.
a_clean_infographic_guide_poster_style_image_for.png,alpecca_ref_sheet_006_infographicc_guide_poster_stylee_image_for_v01.png,ref_sheet,general_reference_sheet,ref_keep,1213,1297,PNG,1906.6,General Alpecca reference sheet or design guide.
a_clean_infographic_style_reference_sheet_on_a_wh.png,alpecca_ref_sheet_007_infographicc_stylee_referencerence_sheett_on_a_wh_v01.png,ref_sheet,general_reference_sheet,ref_keep,1254,1254,PNG,1134.2,General Alpecca reference sheet or design guide.
a_clean_instructional_infographic_page_sheet_des.png,alpecca_ref_sheet_008_instructional_infographicc_page_sheett_design_v01.png,ref_sheet,general_reference_sheet,ref_keep,1177,1336,PNG,1775.3,General Alpecca reference sheet or design guide.
a_clean_instructional_infographic_reference_shee.png,alpecca_ref_sheet_009_instructional_infographicc_referencerence_sheet_v01.png,ref_sheet,general_reference_sheet,ref_keep,1149,1369,PNG,1860.9,General Alpecca reference sheet or design guide.
a_clean_instructional_reference_sheet_chart_styl.png,alpecca_ref_sheet_010_instructional_referencerence_sheett_chart_style_v01.png,ref_sheet,general_reference_sheet,ref_keep,1254,1254,PNG,1034.6,General Alpecca reference sheet or design guide.
a_clean_poster_like_reference_sheet_character_s.png,alpecca_ref_sheet_011_poster_like_referencerence_sheett_character_s_v01.png,ref_sheet,general_reference_sheet,ref_keep,1536,1024,PNG,2127.2,General Alpecca reference sheet or design guide.
a_clean_white_light_background_sheet_image_showing.png,alpecca_ref_sheet_012_white_light_background_sheett_image_showing_v01.png,ref_sheet,general_reference_sheet,ref_keep,1536,1024,PNG,1986.9,General Alpecca reference sheet or design guide.
a_clean_white_light_ui_style_character_reference_s.png,alpecca_ref_sheet_013_white_light_ui_stylee_character_referencerence_s_v01.png,ref_sheet,general_reference_sheet,ref_keep,1536,1024,PNG,1980.5,General Alpecca reference sheet or design guide.
a_highly_detailed_character_design_reference_sheet.png,alpecca_ref_sheet_014_highly_detailed_character_designign_referencerence_v01.png,ref_sheet,general_reference_sheet,ref_keep,1369,1149,PNG,2610.9,General Alpecca reference sheet or design guide.
ai_companion_character_design_reference.png,alpecca_ref_sheet_015_ai_companion_character_designign_referencerence_v01.png,ref_sheet,general_reference_sheet,ref_keep,1122,1402,PNG,1029.4,General Alpecca reference sheet or design guide.
alpecca_accessory_and_badge_design_guide.png,alpecca_ref_sheet_016_accessory_and_badge_designign_guide_v01.png,ref_sheet,general_reference_sheet,ref_keep,1122,1402,PNG,1733.5,General Alpecca reference sheet or design guide.
alpecca_arm_and_hand_swap_guide.png,alpecca_ref_sheet_017_arm_and_hand_swap_guide_v01.png,ref_sheet,general_reference_sheet,ref_keep,1122,1402,PNG,1706.7,General Alpecca reference sheet or design guide.
alpecca_character_design_reference_sheet.png,alpecca_ref_sheet_018_character_designign_referencerence_sheett_v01.png,ref_sheet,general_reference_sheet,ref_keep,1055,1491,PNG,1726.7,General Alpecca reference sheet or design guide.
alpecca_virtual_assistant_ui_guide.png,alpecca_ref_sheet_019_virtual_assistant_ui_guide_v01.png,ref_sheet,general_reference_sheet,ref_keep,1122,1402,PNG,1277.2,General Alpecca reference sheet or design guide.
anime_character_reference_sheet_design.png,alpecca_ref_sheet_020_anime_character_referencerence_sheett_designign_v01.png,ref_sheet,general_reference_sheet,ref_keep,1086,1448,PNG,1355.7,General Alpecca reference sheet or design guide.
anime_character_reference_sheet_with_halo.png,alpecca_ref_sheet_021_anime_character_referencerence_sheett_with_halo_v01.png,ref_sheet,general_reference_sheet,ref_keep,1086,1448,PNG,1397.3,General Alpecca reference sheet or design guide.
detailed_character_design_alpecca_ai_companion.png,alpecca_ref_sheet_022_detailed_character_designign_alpecca_ai_companion_v01.png,ref_sheet,general_reference_sheet,ref_keep,1055,1491,PNG,1601.9,General Alpecca reference sheet or design guide.
futuristic_ai_assistant_character_design.png,alpecca_ref_sheet_023_futuristic_ai_assistant_character_designign_v01.png,ref_sheet,general_reference_sheet,ref_keep,1024,1536,PNG,1230.1,General Alpecca reference sheet or design guide.
futuristic_ai_companion_character_design.png,alpecca_ref_sheet_024_futuristic_ai_companion_character_designign_v01.png,ref_sheet,general_reference_sheet,ref_keep,1122,1402,PNG,1393.3,General Alpecca reference sheet or design guide.
futuristic_angelic_tech_inspired_character_design.png,alpecca_ref_sheet_025_futuristic_angelic_tech_inspired_character_designign_v01.png,ref_sheet,general_reference_sheet,ref_keep,1086,1448,PNG,1608.6,General Alpecca reference sheet or design guide.
futuristic_character_reference_sheet_design.png,alpecca_ref_sheet_026_futuristic_character_referencerence_sheett_designign_v01.png,ref_sheet,general_reference_sheet,ref_keep,1086,1448,PNG,1363.2,General Alpecca reference sheet or design guide.
techy_anime_character_model_sheet.png,alpecca_ref_sheet_027_techy_anime_character_model_sheett_v01.png,ref_sheet,general_reference_sheet,ref_keep,1086,1448,PNG,1430.9,General Alpecca reference sheet or design guide.
a_clean_high_detail_character_design_sheet_refe.png,alpecca_wardrobe_001_high_detail_character_designign_sheett_reference_v01.png,wardrobe,wardrobe_turnaround_reference,ref_keep,1536,1024,PNG,2064.2,Wardrobe/outfit/turnaround reference. Preserve outfit-specific mode details.
a_clean_high_resolution_character_design_wardrobe.png,alpecca_wardrobe_002_high_resolution_character_designign_wardrobe_v01.png,wardrobe,wardrobe_turnaround_reference,ref_keep,1536,1024,PNG,2082.7,Wardrobe/outfit/turnaround reference. Preserve outfit-specific mode details.
a_detailed_character_design_sheet_reference_boar.png,alpecca_wardrobe_003_detailed_character_designign_sheett_referencerence_v01.png,wardrobe,wardrobe_turnaround_reference,ref_keep,1402,1122,PNG,1999.5,Wardrobe/outfit/turnaround reference. Preserve outfit-specific mode details.
alpecca_casual_mode_character_sheet.png,alpecca_wardrobe_004_casual_mode_character_sheett_v01.png,wardrobe,wardrobe_turnaround_reference,ref_keep,1055,1491,PNG,1635.4,Wardrobe/outfit/turnaround reference. Preserve outfit-specific mode details.
alpecca_clothing_layer_reference_guide.png,alpecca_wardrobe_005_clothing_layer_referencerence_guide_v01.png,wardrobe,wardrobe_turnaround_reference,ref_keep,1122,1402,PNG,1424.1,Wardrobe/outfit/turnaround reference. Preserve outfit-specific mode details.
alpecca_clothing_layer_reference_sheet.png,alpecca_wardrobe_006_clothing_layer_referencerence_sheett_v01.png,wardrobe,wardrobe_turnaround_reference,ref_keep,1122,1402,PNG,1525.4,Wardrobe/outfit/turnaround reference. Preserve outfit-specific mode details.
anime_girl_in_casual_outfit_reference.png,alpecca_wardrobe_007_anime_girl_in_casual_outfit_referencerence_v01.png,wardrobe,wardrobe_turnaround_reference,ref_keep,1122,1402,PNG,1057.0,Wardrobe/outfit/turnaround reference. Preserve outfit-specific mode details.
casual_mode_character_breakdown_sheet.png,alpecca_wardrobe_008_casual_mode_character_breakdown_sheett_v01.png,wardrobe,wardrobe_turnaround_reference,ref_keep,1122,1402,PNG,1666.4,Wardrobe/outfit/turnaround reference. Preserve outfit-specific mode details.
character_design_sheet_alpecca_compassion_mode.png,alpecca_wardrobe_009_character_designign_sheett_alpecca_compassion_mode_v01.png,wardrobe,wardrobe_turnaround_reference,ref_keep,1055,1491,PNG,1635.2,Wardrobe/outfit/turnaround reference. Preserve outfit-specific mode details.
character_design_sheet_alpecca_outfit_breakdown.png,alpecca_wardrobe_010_character_designign_sheett_alpecca_outfit_breakdown_v01.png,wardrobe,wardrobe_turnaround_reference,ref_keep,1055,1491,PNG,1580.7,Wardrobe/outfit/turnaround reference. Preserve outfit-specific mode details.
character_design_sheet_for_alpecca_companion.png,alpecca_wardrobe_011_character_designign_sheett_for_alpecca_companion_v01.png,wardrobe,wardrobe_turnaround_reference,ref_keep,1055,1491,PNG,1787.5,Wardrobe/outfit/turnaround reference. Preserve outfit-specific mode details.
character_design_sheet_low_power_mode.png,alpecca_wardrobe_012_character_designign_sheett_low_power_mode_v01.png,wardrobe,wardrobe_turnaround_reference,ref_keep,1055,1491,PNG,1721.2,Wardrobe/outfit/turnaround reference. Preserve outfit-specific mode details.
character_design_sheet_workstation_mode_assistant.png,alpecca_wardrobe_013_character_designign_sheett_workstation_mode_assistant_v01.png,wardrobe,wardrobe_turnaround_reference,ref_keep,1055,1491,PNG,1873.6,Wardrobe/outfit/turnaround reference. Preserve outfit-specific mode details.
cheerful_ai_companion_in_sci_fi_outfit.png,alpecca_wardrobe_014_cheerful_ai_companion_in_sci_fi_outfit_v01.png,wardrobe,wardrobe_turnaround_reference,ref_keep,1086,1448,PNG,1503.5,Wardrobe/outfit/turnaround reference. Preserve outfit-specific mode details.
companion_mode_character_design_breakdown.png,alpecca_wardrobe_015_companion_mode_character_designign_breakdown_v01.png,wardrobe,wardrobe_turnaround_reference,ref_keep,1122,1402,PNG,1693.0,Wardrobe/outfit/turnaround reference. Preserve outfit-specific mode details.
compassion_mode_character_design_breakdown.png,alpecca_wardrobe_016_compassion_mode_character_designign_breakdown_v01.png,wardrobe,wardrobe_turnaround_reference,ref_keep,1122,1402,PNG,1806.9,Wardrobe/outfit/turnaround reference. Preserve outfit-specific mode details.
low_power_mode_character_breakdown.png,alpecca_wardrobe_017_low_power_mode_character_breakdown_v01.png,wardrobe,wardrobe_turnaround_reference,ref_keep,1122,1402,PNG,1689.0,Wardrobe/outfit/turnaround reference. Preserve outfit-specific mode details.
night_lounge_mode_character_breakdown.png,alpecca_wardrobe_018_night_lounge_mode_character_breakdown_v01.png,wardrobe,wardrobe_turnaround_reference,ref_keep,1122,1402,PNG,1801.6,Wardrobe/outfit/turnaround reference. Preserve outfit-specific mode details.
protection_mode_character_design_breakdown.png,alpecca_wardrobe_019_protection_mode_character_designign_breakdown_v01.png,wardrobe,wardrobe_turnaround_reference,ref_keep,1122,1402,PNG,1828.9,Wardrobe/outfit/turnaround reference. Preserve outfit-specific mode details.
soft_anime_girl_in_casual_outfit.png,alpecca_wardrobe_020_soft_anime_girl_in_casual_outfit_v01.png,wardrobe,wardrobe_turnaround_reference,ref_keep,1122,1402,PNG,1582.3,Wardrobe/outfit/turnaround reference. Preserve outfit-specific mode details.
surprised_girl_with_power_themed_outfit.png,alpecca_wardrobe_021_surprised_girl_with_power_themed_outfit_v01.png,wardrobe,wardrobe_turnaround_reference,ref_keep,1086,1448,PNG,1642.1,Wardrobe/outfit/turnaround reference. Preserve outfit-specific mode details.
tech_enhanced_warning_in_modern_outfit.png,alpecca_wardrobe_022_tech_enhanced_warning_in_modern_outfit_v01.png,wardrobe,wardrobe_turnaround_reference,ref_keep,1024,1536,PNG,1781.0,Wardrobe/outfit/turnaround reference. Preserve outfit-specific mode details.
workstation_mode_character_design_breakdown.png,alpecca_wardrobe_023_workstation_mode_character_designign_breakdown_v01.png,wardrobe,wardrobe_turnaround_reference,ref_keep,1122,1402,PNG,1868.6,Wardrobe/outfit/turnaround reference. Preserve outfit-specific mode details.
a_clean_flat_character_rigging_guide_infographi.png,alpecca_l2d_guide_001_flat_character_rigging_guide_infographic_v01.png,l2d_guide,live2d_reference_guide,ref_keep,1316,1195,PNG,1271.2,"Live2D reference/guide sheet; use for rigging notes, not direct layer import."
a_clean_flat_infographic_page_character_rigging.png,alpecca_l2d_guide_002_flat_infographicc_page_character_rigging_v01.png,l2d_guide,live2d_reference_guide,ref_keep,1122,1402,PNG,2075.4,"Live2D reference/guide sheet; use for rigging notes, not direct layer import."
a_clean_vector_infographic_style_live2d_rigging_b.png,alpecca_l2d_guide_003_vector_infographicc_stylee_live2d_rigging_b_v01.png,l2d_guide,live2d_reference_guide,ref_keep,1181,1331,PNG,1520.4,"Live2D reference/guide sheet; use for rigging notes, not direct layer import."
live2d_head_yaw_rotation_guide.png,alpecca_l2d_guide_004_live2d_head_yaw_rotation_guide_v01.png,l2d_guide,live2d_reference_guide,ref_keep,1122,1402,PNG,1910.3,"Live2D reference/guide sheet; use for rigging notes, not direct layer import."
live2d_rigging_base_sheet_9.png,alpecca_l2d_guide_005_live2d_rigging_base_sheett_9_v01.png,l2d_guide,live2d_reference_guide,ref_keep,1122,1402,PNG,1722.6,"Live2D reference/guide sheet; use for rigging notes, not direct layer import."
ui_halo_layer_guide_for_alpecca_character.png,alpecca_l2d_guide_006_ui_halo_layer_guide_for_alpecca_character_v01.png,l2d_guide,live2d_reference_guide,ref_keep,1448,1086,PNG,1508.5,"Live2D reference/guide sheet; use for rigging notes, not direct layer import."
anime_eyes_in_soft_shades.png,alpecca_l2d_eye_001_anime_eyes_in_soft_shadesign_v01.png,l2d_eye,live2d_eye_layer,asset_check,1254,1254,PNG,687.2,Eye/eyelid/iris layer candidate; isolate on transparent PNG before rig import.
anime_eyes_with_futuristic_shine.png,alpecca_l2d_eye_002_anime_eyes_with_futuristic_shine_v01.png,l2d_eye,live2d_eye_layer,asset_check,1254,1254,PNG,818.0,Eye/eyelid/iris layer candidate; isolate on transparent PNG before rig import.
bright_eyes_and_soft_blues.png,alpecca_l2d_eye_003_bright_eyes_and_soft_blues_v01.png,l2d_eye,live2d_eye_layer,asset_check,1086,1448,PNG,1695.1,Eye/eyelid/iris layer candidate; isolate on transparent PNG before rig import.
elegant_anime_eyelash_detail.png,alpecca_l2d_eye_004_elegant_anime_eyelash_detail_v01.png,l2d_eye,live2d_eye_layer,asset_check,1254,1254,PNG,724.7,Eye/eyelid/iris layer candidate; isolate on transparent PNG before rig import.
eye_expression_and_gaze_guide.png,alpecca_l2d_eye_005_eye_expression_and_gaze_guide_v01.png,l2d_eye,live2d_eye_layer,asset_check,1122,1402,PNG,2107.5,Eye/eyelid/iris layer candidate; isolate on transparent PNG before rig import.
eye_layer_breakdown_reference_guide.png,alpecca_l2d_eye_006_eye_layer_breakdown_referencerence_guide_v01.png,l2d_eye,live2d_eye_layer,asset_check,1122,1402,PNG,1629.7,Eye/eyelid/iris layer candidate; isolate on transparent PNG before rig import.
eyebrow_and_expression_toggle_guide.png,alpecca_l2d_eye_007_eyebrow_and_expression_toggle_guide_v01.png,l2d_eye,live2d_eye_layer,asset_check,1122,1402,PNG,1687.9,Eye/eyelid/iris layer candidate; isolate on transparent PNG before rig import.
glassy_blue_manga_eye_iris.png,alpecca_l2d_eye_008_glassy_blue_manga_eye_iris_v01.png,l2d_eye,live2d_eye_layer,asset_check,1254,1254,PNG,869.7,Eye/eyelid/iris layer candidate; isolate on transparent PNG before rig import.
glossy_anime_eyes_on_white_background.png,alpecca_l2d_eye_009_glossy_anime_eyes_on_white_backgroundground_v01.png,l2d_eye,live2d_eye_layer,asset_check,1254,1254,PNG,790.3,Eye/eyelid/iris layer candidate; isolate on transparent PNG before rig import.
minimalist_anime_eye_illustration.png,alpecca_l2d_eye_010_minimalist_anime_eye_illustration_v01.png,l2d_eye,live2d_eye_layer,asset_check,1254,1254,PNG,795.8,Eye/eyelid/iris layer candidate; isolate on transparent PNG before rig import.
minimalist_anime_style_eye_illustration.png,alpecca_l2d_eye_011_minimalist_anime_stylee_eye_illustration_v01.png,l2d_eye,live2d_eye_layer,asset_check,1254,1254,PNG,729.1,Eye/eyelid/iris layer candidate; isolate on transparent PNG before rig import.
simplistic_anime_eyebrows_in_soft_hues.png,alpecca_l2d_eye_012_simplistic_anime_eyebrows_in_soft_hues_v01.png,l2d_eye,live2d_eye_layer,asset_check,1254,1254,PNG,709.8,Eye/eyelid/iris layer candidate; isolate on transparent PNG before rig import.
stylized_blue_anime_eye_illustration.png,alpecca_l2d_eye_013_styleized_blue_anime_eye_illustration_v01.png,l2d_eye,live2d_eye_layer,asset_check,1254,1254,PNG,908.8,Eye/eyelid/iris layer candidate; isolate on transparent PNG before rig import.
alpecca_mouth_animation_reference_guide.png,alpecca_l2d_mouth_001_mouth_animation_referencerence_guide_v01.png,l2d_mouth,live2d_mouth_layer,asset_check,1122,1402,PNG,1834.8,Mouth/phoneme layer candidate; isolate on transparent PNG before rig import.
alpecca_mouth_phoneme_reference_chart.png,alpecca_l2d_mouth_002_mouth_phoneme_referencerence_chart_v01.png,l2d_mouth,live2d_mouth_layer,asset_check,1122,1402,PNG,1650.7,Mouth/phoneme layer candidate; isolate on transparent PNG before rig import.
open_mouth_illustration_in_anime_style.png,alpecca_l2d_mouth_003_open_mouth_illustration_in_anime_stylee_v01.png,l2d_mouth,live2d_mouth_layer,asset_check,1254,1254,PNG,680.4,Mouth/phoneme layer candidate; isolate on transparent PNG before rig import.
subtle_anime_style_closed_mouth.png,alpecca_l2d_mouth_004_subtle_anime_stylee_closed_mouth_v01.png,l2d_mouth,live2d_mouth_layer,asset_check,1254,1254,PNG,670.0,Mouth/phoneme layer candidate; isolate on transparent PNG before rig import.
anime_girl_with_pale_hair_and_blue_accents.png,alpecca_l2d_hair_001_anime_girl_with_pale_hair_and_blue_accents_v01.png,l2d_hair,live2d_hair_layer,asset_check,1122,1402,PNG,1668.6,Hair layer or hair reference; keep layer order clear for Live2D.
anime_style_long_hair_assets_sheet.png,alpecca_l2d_hair_002_anime_stylee_long_hair_assets_sheett_v01.png,l2d_hair,live2d_hair_layer,asset_check,1122,1402,PNG,1115.7,Hair layer or hair reference; keep layer order clear for Live2D.
hair_design_breakdown_pastel_anime_style.png,alpecca_l2d_hair_003_hair_designign_breakdown_pastel_anime_stylee_v01.png,l2d_hair,live2d_hair_layer,asset_check,1122,1402,PNG,1663.4,Hair layer or hair reference; keep layer order clear for Live2D.
pastel_blonde_anime_hairstyle_with_cowlick.png,alpecca_l2d_hair_004_pastel_blonde_anime_hairstylee_with_cowlick_v01.png,l2d_hair,live2d_hair_layer,asset_check,1122,1402,PNG,1101.6,Hair layer or hair reference; keep layer order clear for Live2D.
worried_expression_on_a_pale_haired_character.png,alpecca_l2d_hair_005_worried_expression_on_a_pale_haired_character_v01.png,l2d_hair,live2d_hair_layer,asset_check,1122,1402,PNG,1616.0,Hair layer or hair reference; keep layer order clear for Live2D.
young_woman_with_silver_blue_hair.png,alpecca_l2d_hair_006_young_woman_with_silver_blue_hair_v01.png,l2d_hair,live2d_hair_layer,asset_check,1122,1402,PNG,1590.7,Hair layer or hair reference; keep layer order clear for Live2D.
anime_girl_with_blue_accents_and_techwear.png,alpecca_l2d_ear_001_anime_girl_with_blue_accents_and_techwear_v01.png,l2d_ear,live2d_ear_layer,asset_check,1086,1448,PNG,1687.8,Ear layer candidate; ears must connect anatomically and tuck under side hair.
apologetic_ai_assistant_in_techwear.png,alpecca_l2d_ear_002_apologetic_ai_assistant_in_techwear_v01.png,l2d_ear,live2d_ear_layer,asset_check,1024,1536,PNG,1311.1,Ear layer candidate; ears must connect anatomically and tuck under side hair.
co_learning_mode_character_breakdown_sheet.png,alpecca_l2d_ear_003_co_learning_mode_character_breakdown_sheett_v01.png,l2d_ear,live2d_ear_layer,asset_check,1122,1402,PNG,1776.0,Ear layer candidate; ears must connect anatomically and tuck under side hair.
floating_human_ears_illustration.png,alpecca_l2d_ear_004_floating_human_ears_illustration_v01.png,l2d_ear,live2d_ear_layer,asset_check,1122,1402,PNG,847.2,Ear layer candidate; ears must connect anatomically and tuck under side hair.
friendly_ai_companion_in_sportswear.png,alpecca_l2d_ear_005_friendly_ai_companion_in_sportswear_v01.png,l2d_ear,live2d_ear_layer,asset_check,1122,1402,PNG,1617.1,Ear layer candidate; ears must connect anatomically and tuck under side hair.
futuristic_techwear_anime_character_design.png,alpecca_l2d_ear_006_futuristic_techwear_anime_character_designign_v01.png,l2d_ear,live2d_ear_layer,asset_check,1086,1448,PNG,1063.5,Ear layer candidate; ears must connect anatomically and tuck under side hair.
melancholy_ai_assistant_with_tech_tears.png,alpecca_l2d_ear_007_melancholy_ai_assistant_with_tech_tears_v01.png,l2d_ear,live2d_ear_layer,asset_check,1122,1402,PNG,1589.8,Ear layer candidate; ears must connect anatomically and tuck under side hair.
playful_ai_assistant_in_tech_wear.png,alpecca_l2d_ear_008_playful_ai_assistant_in_tech_wear_v01.png,l2d_ear,live2d_ear_layer,asset_check,1122,1402,PNG,1609.4,Ear layer candidate; ears must connect anatomically and tuck under side hair.
surprised_ai_companion_in_casual_wear.png,alpecca_l2d_ear_009_surprised_ai_companion_in_casual_wear_v01.png,l2d_ear,live2d_ear_layer,asset_check,1122,1402,PNG,1730.3,Ear layer candidate; ears must connect anatomically and tuck under side hair.
a_clean_reference_sheet_character_expression_cha.png,alpecca_expr_001_referencerence_sheett_character_expression_cha_v01.png,expr,expression_bust_reference,ref_keep,1254,1254,PNG,2364.6,Expression or face-bust reference. Check connected ears and consistent lanyard/badge.
ai_assistant_character_portrait.png,alpecca_expr_002_ai_assistant_character_portrait_v01.png,expr,expression_bust_reference,ref_keep,1122,1402,PNG,1803.0,Expression or face-bust reference. Check connected ears and consistent lanyard/badge.
ai_assistant_digital_portrait.png,alpecca_expr_003_ai_assistant_digital_portrait_v01.png,expr,expression_bust_reference,ref_keep,1122,1402,PNG,1818.2,Expression or face-bust reference. Check connected ears and consistent lanyard/badge.
ai_assistant_with_a_soft_smile.png,alpecca_expr_004_ai_assistant_with_a_soft_smile_v01.png,expr,expression_bust_reference,ref_keep,1122,1402,PNG,1642.9,Expression or face-bust reference. Check connected ears and consistent lanyard/badge.
ai_companion_in_tranquil_portrait.png,alpecca_expr_005_ai_companion_in_tranquil_portrait_v01.png,expr,expression_bust_reference,ref_keep,1122,1402,PNG,1785.8,Expression or face-bust reference. Check connected ears and consistent lanyard/badge.
ai_companion_portrait_with_blue_accents.png,alpecca_expr_006_ai_companion_portrait_with_blue_accents_v01.png,expr,expression_bust_reference,ref_keep,1122,1402,PNG,1700.7,Expression or face-bust reference. Check connected ears and consistent lanyard/badge.
angry_anime_girl_with_power_symbol.png,alpecca_expr_007_angry_anime_girl_with_power_symbol_v01.png,expr,expression_bust_reference,ref_keep,1086,1448,PNG,1644.2,Expression or face-bust reference. Check connected ears and consistent lanyard/badge.
anime_girl_in_pastel_hoodie_portrait.png,alpecca_expr_008_anime_girl_in_pastel_hoodie_portrait_v01.png,expr,expression_bust_reference,ref_keep,1086,1448,PNG,1778.5,Expression or face-bust reference. Check connected ears and consistent lanyard/badge.
anime_portrait_with_blue_accents.png,alpecca_expr_009_anime_portrait_with_blue_accents_v01.png,expr,expression_bust_reference,ref_keep,1122,1402,PNG,1575.6,Expression or face-bust reference. Check connected ears and consistent lanyard/badge.
anxious_ai_companion_portrait.png,alpecca_expr_010_anxious_ai_companion_portrait_v01.png,expr,expression_bust_reference,ref_keep,1122,1402,PNG,1802.7,Expression or face-bust reference. Check connected ears and consistent lanyard/badge.
blue_accents_and_tech_chic_portrait.png,alpecca_expr_011_blue_accents_and_tech_chic_portrait_v01.png,expr,expression_bust_reference,ref_keep,1086,1448,PNG,1859.5,Expression or face-bust reference. Check connected ears and consistent lanyard/badge.
blue_eyed_anime_character_portrait.png,alpecca_expr_012_blue_eyed_anime_character_portrait_v01.png,expr,expression_bust_reference,ref_keep,1086,1448,PNG,1650.0,Expression or face-bust reference. Check connected ears and consistent lanyard/badge.
blue_themed_ai_companion_character_portrait.png,alpecca_expr_013_blue_themed_ai_companion_character_portrait_v01.png,expr,expression_bust_reference,ref_keep,1122,1402,PNG,1675.1,Expression or face-bust reference. Check connected ears and consistent lanyard/badge.
blue_themed_anime_dresser_portrait.png,alpecca_expr_014_blue_themed_anime_dresser_portrait_v01.png,expr,expression_bust_reference,ref_keep,1086,1448,PNG,1788.3,Expression or face-bust reference. Check connected ears and consistent lanyard/badge.
calm_pastel_anime_portrait_with_details.png,alpecca_expr_015_calm_pastel_anime_portrait_with_details_v01.png,expr,expression_bust_reference,ref_keep,1086,1448,PNG,1775.0,Expression or face-bust reference. Check connected ears and consistent lanyard/badge.
calm_smile_and_soft_blues.png,alpecca_expr_016_calm_smile_and_soft_blues_v01.png,expr,expression_bust_reference,ref_keep,1086,1448,PNG,1794.1,Expression or face-bust reference. Check connected ears and consistent lanyard/badge.
cheerful_ai_assistant_in_blue_accents.png,alpecca_expr_017_cheerful_ai_assistant_in_blue_accents_v01.png,expr,expression_bust_reference,ref_keep,1122,1402,PNG,1613.7,Expression or face-bust reference. Check connected ears and consistent lanyard/badge.
cheerful_ai_assistant_with_glowing_halo.png,alpecca_expr_018_cheerful_ai_assistant_with_glowing_halo_v01.png,expr,expression_bust_reference,ref_keep,1024,1536,PNG,1291.2,Expression or face-bust reference. Check connected ears and consistent lanyard/badge.
cheerful_ai_companion_illustration.png,alpecca_expr_019_cheerful_ai_companion_illustration_v01.png,expr,expression_bust_reference,ref_keep,1122,1402,PNG,1645.2,Expression or face-bust reference. Check connected ears and consistent lanyard/badge.
cheerful_ai_companion_portrait.png,alpecca_expr_020_cheerful_ai_companion_portrait_v01.png,expr,expression_bust_reference,ref_keep,1086,1448,PNG,1510.7,Expression or face-bust reference. Check connected ears and consistent lanyard/badge.
cheerful_ai_companion_with_glowing_halo.png,alpecca_expr_021_cheerful_ai_companion_with_glowing_halo_v01.png,expr,expression_bust_reference,ref_keep,1024,1536,PNG,1210.0,Expression or face-bust reference. Check connected ears and consistent lanyard/badge.
cheerful_anime_girl_with_blue_accents.png,alpecca_expr_022_cheerful_anime_girl_with_blue_accents_v01.png,expr,expression_bust_reference,ref_keep,1122,1402,PNG,1642.6,Expression or face-bust reference. Check connected ears and consistent lanyard/badge.
cheerful_anime_girl_with_power_icon.png,alpecca_expr_023_cheerful_anime_girl_with_power_icon_v01.png,expr,expression_bust_reference,ref_keep,1086,1448,PNG,1624.6,Expression or face-bust reference. Check connected ears and consistent lanyard/badge.
cheerful_anime_woman_with_blue_accents.png,alpecca_expr_024_cheerful_anime_woman_with_blue_accents_v01.png,expr,expression_bust_reference,ref_keep,1086,1448,PNG,1795.7,Expression or face-bust reference. Check connected ears and consistent lanyard/badge.
confused_anime_girl_with_blue_accents.png,alpecca_expr_025_confused_anime_girl_with_blue_accents_v01.png,expr,expression_bust_reference,ref_keep,1086,1448,PNG,1548.7,Expression or face-bust reference. Check connected ears and consistent lanyard/badge.
contemplative_ai_assistant_in_futuristic_style.png,alpecca_expr_026_contemplative_ai_assistant_in_futuristic_stylee_v01.png,expr,expression_bust_reference,ref_keep,1122,1402,PNG,1620.3,Expression or face-bust reference. Check connected ears and consistent lanyard/badge.
contemplative_ai_companion_in_casual_style.png,alpecca_expr_027_contemplative_ai_companion_in_casual_stylee_v01.png,expr,expression_bust_reference,ref_keep,1122,1402,PNG,1439.4,Expression or face-bust reference. Check connected ears and consistent lanyard/badge.
crying_anime_girl_in_soft_blues.png,alpecca_expr_028_crying_anime_girl_in_soft_blues_v01.png,expr,expression_bust_reference,ref_keep,1086,1448,PNG,1582.3,Expression or face-bust reference. Check connected ears and consistent lanyard/badge.
cute_tech_inspired_anime_girl_portrait.png,alpecca_expr_029_cute_tech_inspired_anime_girl_portrait_v01.png,expr,expression_bust_reference,ref_keep,1122,1402,PNG,1622.4,Expression or face-bust reference. Check connected ears and consistent lanyard/badge.
determined_ai_companion_with_tech_flair.png,alpecca_expr_030_determined_ai_companion_with_tech_flair_v01.png,expr,expression_bust_reference,ref_keep,1122,1402,PNG,1669.5,Expression or face-bust reference. Check connected ears and consistent lanyard/badge.
friendly_anime_portrait_with_cool_blues.png,alpecca_expr_031_friendly_anime_portrait_with_cool_blues_v01.png,expr,expression_bust_reference,ref_keep,1122,1402,PNG,1791.1,Expression or face-bust reference. Check connected ears and consistent lanyard/badge.
futuristic_ai_assistant_portrait.png,alpecca_expr_032_futuristic_ai_assistant_portrait_v01.png,expr,expression_bust_reference,ref_keep,1122,1402,PNG,1733.0,Expression or face-bust reference. Check connected ears and consistent lanyard/badge.
futuristic_ai_companion_portrait.png,alpecca_expr_033_futuristic_ai_companion_portrait_v01.png,expr,expression_bust_reference,ref_keep,1122,1402,PNG,1421.5,Expression or face-bust reference. Check connected ears and consistent lanyard/badge.
futuristic_style_with_a_gentle_gaze.png,alpecca_expr_034_futuristic_stylee_with_a_gentle_gaze_v01.png,expr,expression_bust_reference,ref_keep,1086,1448,PNG,1226.8,Expression or face-bust reference. Check connected ears and consistent lanyard/badge.
futuristic_tech_assistant_portrait.png,alpecca_expr_035_futuristic_tech_assistant_portrait_v01.png,expr,expression_bust_reference,ref_keep,1122,1402,PNG,1773.7,Expression or face-bust reference. Check connected ears and consistent lanyard/badge.
futuristic_tech_inspired_anime_character_portrait.png,alpecca_expr_036_futuristic_tech_inspired_anime_character_portrait_v01.png,expr,expression_bust_reference,ref_keep,1086,1448,PNG,1195.7,Expression or face-bust reference. Check connected ears and consistent lanyard/badge.
futuristic_tech_inspired_character_portrait.png,alpecca_expr_037_futuristic_tech_inspired_character_portrait_v01.png,expr,expression_bust_reference,ref_keep,1024,1536,PNG,1688.0,Expression or face-bust reference. Check connected ears and consistent lanyard/badge.
futuristic_tech_mascot_portrait.png,alpecca_expr_038_futuristic_tech_mascot_portrait_v01.png,expr,expression_bust_reference,ref_keep,1122,1402,PNG,1621.3,Expression or face-bust reference. Check connected ears and consistent lanyard/badge.
gentle_ai_assistant_in_pastel_hues.png,alpecca_expr_039_gentle_ai_assistant_in_pastel_hues_v01.png,expr,expression_bust_reference,ref_keep,1024,1536,PNG,1288.6,Expression or face-bust reference. Check connected ears and consistent lanyard/badge.
gentle_serenity_in_futuristic_fashion.png,alpecca_expr_040_gentle_serenity_in_futuristic_fashion_v01.png,expr,expression_bust_reference,ref_keep,1086,1448,PNG,1492.2,Expression or face-bust reference. Check connected ears and consistent lanyard/badge.
gentle_smile_with_soft_pastel_hues.png,alpecca_expr_041_gentle_smile_with_soft_pastel_hues_v01.png,expr,expression_bust_reference,ref_keep,1122,1402,PNG,1613.0,Expression or face-bust reference. Check connected ears and consistent lanyard/badge.
icy_blonde_vtuber_portrait_with_blue_accents.png,alpecca_expr_042_icy_blonde_vtuber_portrait_with_blue_accents_v01.png,expr,expression_bust_reference,ref_keep,1122,1402,PNG,1810.4,Expression or face-bust reference. Check connected ears and consistent lanyard/badge.
melancholy_ai_assistant_portrait.png,alpecca_expr_043_melancholy_ai_assistant_portrait_v01.png,expr,expression_bust_reference,ref_keep,1122,1402,PNG,1861.2,Expression or face-bust reference. Check connected ears and consistent lanyard/badge.
sad_ai_assistant_with_blue_accents.png,alpecca_expr_044_sad_ai_assistant_with_blue_accents_v01.png,expr,expression_bust_reference,ref_keep,1122,1402,PNG,1864.8,Expression or face-bust reference. Check connected ears and consistent lanyard/badge.
sad_anime_girl_in_blue_tones.png,alpecca_expr_045_sad_anime_girl_in_blue_tones_v01.png,expr,expression_bust_reference,ref_keep,1086,1448,PNG,1591.4,Expression or face-bust reference. Check connected ears and consistent lanyard/badge.
sad_anime_girl_with_blue_accents.png,alpecca_expr_046_sad_anime_girl_with_blue_accents_v01.png,expr,expression_bust_reference,ref_keep,1122,1402,PNG,1607.8,Expression or face-bust reference. Check connected ears and consistent lanyard/badge.
serene_ai_companion_character_design.png,alpecca_expr_047_serene_ai_companion_character_designign_v01.png,expr,expression_bust_reference,ref_keep,1086,1448,PNG,1176.5,Expression or face-bust reference. Check connected ears and consistent lanyard/badge.
serene_ai_companion_in_pastel_tones.png,alpecca_expr_048_serene_ai_companion_in_pastel_tones_v01.png,expr,expression_bust_reference,ref_keep,1122,1402,PNG,1041.5,Expression or face-bust reference. Check connected ears and consistent lanyard/badge.
serene_ai_companion_portrait_in_pastels.png,alpecca_expr_049_serene_ai_companion_portrait_in_pastels_v01.png,expr,expression_bust_reference,ref_keep,1122,1402,PNG,1593.3,Expression or face-bust reference. Check connected ears and consistent lanyard/badge.
serene_ai_companion_with_blue_accents.png,alpecca_expr_050_serene_ai_companion_with_blue_accents_v01.png,expr,expression_bust_reference,ref_keep,1122,1402,PNG,1808.6,Expression or face-bust reference. Check connected ears and consistent lanyard/badge.
serene_anime_ai_companion_portrait.png,alpecca_expr_051_serene_anime_ai_companion_portrait_v01.png,expr,expression_bust_reference,ref_keep,1122,1402,PNG,1623.7,Expression or face-bust reference. Check connected ears and consistent lanyard/badge.
serene_anime_character_in_pastel_attire.png,alpecca_expr_052_serene_anime_character_in_pastel_attire_v01.png,expr,expression_bust_reference,ref_keep,1086,1448,PNG,1140.7,Expression or face-bust reference. Check connected ears and consistent lanyard/badge.
serene_anime_character_with_blue_accents.png,alpecca_expr_053_serene_anime_character_with_blue_accents_v01.png,expr,expression_bust_reference,ref_keep,1122,1402,PNG,1759.6,Expression or face-bust reference. Check connected ears and consistent lanyard/badge.
serene_anime_girl_in_futuristic_style.png,alpecca_expr_054_serene_anime_girl_in_futuristic_stylee_v01.png,expr,expression_bust_reference,ref_keep,1122,1402,PNG,1649.2,Expression or face-bust reference. Check connected ears and consistent lanyard/badge.
serene_anime_girl_in_pastel_hoodie.png,alpecca_expr_055_serene_anime_girl_in_pastel_hoodie_v01.png,expr,expression_bust_reference,ref_keep,1086,1448,PNG,1787.5,Expression or face-bust reference. Check connected ears and consistent lanyard/badge.
serene_anime_girl_portrait_in_blue_hues.png,alpecca_expr_056_serene_anime_girl_portrait_in_blue_hues_v01.png,expr,expression_bust_reference,ref_keep,1086,1448,PNG,1756.0,Expression or face-bust reference. Check connected ears and consistent lanyard/badge.
serene_anime_girl_with_blue_accents.png,alpecca_expr_057_serene_anime_girl_with_blue_accents_v01.png,expr,expression_bust_reference,ref_keep,1086,1448,PNG,1520.3,Expression or face-bust reference. Check connected ears and consistent lanyard/badge.
serene_anime_girl_with_gentle_expression.png,alpecca_expr_058_serene_anime_girl_with_gentle_expression_v01.png,expr,expression_bust_reference,ref_keep,1086,1448,PNG,1796.2,Expression or face-bust reference. Check connected ears and consistent lanyard/badge.
serene_anime_girl_with_pastel_tones.png,alpecca_expr_059_serene_anime_girl_with_pastel_tones_v01.png,expr,expression_bust_reference,ref_keep,1086,1448,PNG,1783.8,Expression or face-bust reference. Check connected ears and consistent lanyard/badge.
serene_anime_portrait_with_blue_accents.png,alpecca_expr_060_serene_anime_portrait_with_blue_accents_v01.png,expr,expression_bust_reference,ref_keep,1122,1402,PNG,1786.4,Expression or face-bust reference. Check connected ears and consistent lanyard/badge.
serene_digital_assistant_portrait.png,alpecca_expr_061_serene_digital_assistant_portrait_v01.png,expr,expression_bust_reference,ref_keep,1122,1402,PNG,1753.5,Expression or face-bust reference. Check connected ears and consistent lanyard/badge.
serene_stroll_in_tech_inspired_style.png,alpecca_expr_062_serene_stroll_in_tech_inspired_stylee_v01.png,expr,expression_bust_reference,ref_keep,1086,1448,PNG,1704.5,Expression or face-bust reference. Check connected ears and consistent lanyard/badge.
serene_tech_assisted_anime_assistant.png,alpecca_expr_063_serene_tech_assisted_anime_assistant_v01.png,expr,expression_bust_reference,ref_keep,1122,1402,PNG,1644.5,Expression or face-bust reference. Check connected ears and consistent lanyard/badge.
serene_tech_inspired_anime_portrait.png,alpecca_expr_064_serene_tech_inspired_anime_portrait_v01.png,expr,expression_bust_reference,ref_keep,1122,1402,PNG,1754.3,Expression or face-bust reference. Check connected ears and consistent lanyard/badge.
sleepy_ai_assistant_with_tech_vibes.png,alpecca_expr_065_sleepy_ai_assistant_with_tech_vibes_v01.png,expr,expression_bust_reference,ref_keep,1122,1402,PNG,1811.4,Expression or face-bust reference. Check connected ears and consistent lanyard/badge.
sleepy_ai_companion_in_pastel_hues.png,alpecca_expr_066_sleepy_ai_companion_in_pastel_hues_v01.png,expr,expression_bust_reference,ref_keep,1086,1448,PNG,1763.2,Expression or face-bust reference. Check connected ears and consistent lanyard/badge.
soft_pastel_portrait_of_anime_girl.png,alpecca_expr_067_soft_pastel_portrait_of_anime_girl_v01.png,expr,expression_bust_reference,ref_keep,1122,1402,PNG,1603.4,Expression or face-bust reference. Check connected ears and consistent lanyard/badge.
soft_smile_and_pastel_power_symbol.png,alpecca_expr_068_soft_smile_and_pastel_power_symbol_v01.png,expr,expression_bust_reference,ref_keep,1122,1402,PNG,1691.4,Expression or face-bust reference. Check connected ears and consistent lanyard/badge.
surprised_ai_assistant_with_blue_accents.png,alpecca_expr_069_surprised_ai_assistant_with_blue_accents_v01.png,expr,expression_bust_reference,ref_keep,1122,1402,PNG,1887.6,Expression or face-bust reference. Check connected ears and consistent lanyard/badge.
surprised_ai_companion_with_blue_accents.png,alpecca_expr_070_surprised_ai_companion_with_blue_accents_v01.png,expr,expression_bust_reference,ref_keep,1122,1402,PNG,1826.0,Expression or face-bust reference. Check connected ears and consistent lanyard/badge.
surprised_expression_with_blue_details.png,alpecca_expr_071_surprised_expression_with_blue_details_v01.png,expr,expression_bust_reference,ref_keep,1086,1448,PNG,1815.3,Expression or face-bust reference. Check connected ears and consistent lanyard/badge.
surprised_youth_in_cream_and_blue_hoodie.png,alpecca_expr_072_surprised_youth_in_cream_and_blue_hoodie_v01.png,expr,expression_bust_reference,ref_keep,1122,1402,PNG,1636.2,Expression or face-bust reference. Check connected ears and consistent lanyard/badge.
tech_inspired_anime_girl_portrait.png,alpecca_expr_073_tech_inspired_anime_girl_portrait_v01.png,expr,expression_bust_reference,ref_keep,1086,1448,PNG,1780.1,Expression or face-bust reference. Check connected ears and consistent lanyard/badge.
vtuber_inspired_ai_companion_portrait.png,alpecca_expr_074_vtuber_inspired_ai_companion_portrait_v01.png,expr,expression_bust_reference,ref_keep,1122,1402,PNG,1854.0,Expression or face-bust reference. Check connected ears and consistent lanyard/badge.
worried_anime_girl_with_power_badge.png,alpecca_expr_075_worried_anime_girl_with_power_badge_v01.png,expr,expression_bust_reference,ref_keep,1122,1402,PNG,1843.0,Expression or face-bust reference. Check connected ears and consistent lanyard/badge.
worried_gaze_of_a_tech_companion.png,alpecca_expr_076_worried_gaze_of_a_tech_companion_v01.png,expr,expression_bust_reference,ref_keep,1086,1448,PNG,1629.0,Expression or face-bust reference. Check connected ears and consistent lanyard/badge.
ai_companion_in_stylish_motion.png,alpecca_pose_001_ai_companion_in_styleish_motion_v01.png,pose,pose_movement_reference,ref_keep,1024,1536,PNG,1283.7,Pose/action/movement reference; use for animation planning.
ai_companion_on_a_tech_walk.png,alpecca_pose_002_ai_companion_on_a_tech_walk_v01.png,pose,pose_movement_reference,ref_keep,1024,1536,PNG,1321.3,Pose/action/movement reference; use for animation planning.
anime_tech_guardian_with_holographic_shield.png,alpecca_pose_003_anime_tech_guardian_with_holographic_shield_v01.png,pose,pose_movement_reference,ref_keep,1024,1536,PNG,1846.7,Pose/action/movement reference; use for animation planning.
dynamic_motion_of_a_techy_heroine.png,alpecca_pose_004_dynamic_motion_of_a_techy_heroine_v01.png,pose,pose_movement_reference,ref_keep,1024,1536,PNG,1572.3,Pose/action/movement reference; use for animation planning.
futuristic_ai_companion_in_motion.png,alpecca_pose_005_futuristic_ai_companion_in_motion_v01.png,pose,pose_movement_reference,ref_keep,1024,1536,PNG,1678.6,Pose/action/movement reference; use for animation planning.
futuristic_angelic_style_in_motion.png,alpecca_pose_006_futuristic_angelic_stylee_in_motion_v01.png,pose,pose_movement_reference,ref_keep,1086,1448,PNG,1510.6,Pose/action/movement reference; use for animation planning.
futuristic_elegance_in_motion.png,alpecca_pose_007_futuristic_elegance_in_motion_v01.png,pose,pose_movement_reference,ref_keep,1024,1536,PNG,1504.8,Pose/action/movement reference; use for animation planning.
futuristic_runner_with_glittering_halo.png,alpecca_pose_008_futuristic_runner_with_glittering_halo_v01.png,pose,pose_movement_reference,ref_keep,1024,1536,PNG,1300.5,Pose/action/movement reference; use for animation planning.
futuristic_sprint_in_pastel_hues.png,alpecca_pose_009_futuristic_sprint_in_pastel_hues_v01.png,pose,pose_movement_reference,ref_keep,1024,1536,PNG,1506.1,Pose/action/movement reference; use for animation planning.
futuristic_stride_with_calm_elegance.png,alpecca_pose_010_futuristic_stride_with_calm_elegance_v01.png,pose,pose_movement_reference,ref_keep,1024,1536,PNG,1771.5,Pose/action/movement reference; use for animation planning.
futuristic_tech_walker_with_glowing_halo.png,alpecca_pose_011_futuristic_tech_walker_with_glowing_halo_v01.png,pose,pose_movement_reference,ref_keep,1024,1536,PNG,1794.2,Pose/action/movement reference; use for animation planning.
futuristic_walk_with_soft_pastel_hues.png,alpecca_pose_012_futuristic_walk_with_soft_pastel_hues_v01.png,pose,pose_movement_reference,ref_keep,1024,1536,PNG,1313.9,Pose/action/movement reference; use for animation planning.
gentle_step_in_a_pastel_world.png,alpecca_pose_013_gentle_step_in_a_pastel_world_v01.png,pose,pose_movement_reference,ref_keep,1024,1536,PNG,1751.4,Pose/action/movement reference; use for animation planning.
pastel_tech_girl_in_motion.png,alpecca_pose_014_pastel_tech_girl_in_motion_v01.png,pose,pose_movement_reference,ref_keep,1024,1536,PNG,1380.6,Pose/action/movement reference; use for animation planning.
reaching_for_the_future.png,alpecca_pose_015_reaching_for_the_future_v01.png,pose,pose_movement_reference,ref_keep,1024,1536,PNG,1388.6,Pose/action/movement reference; use for animation planning.
tech_guardian_with_a_stop_gesture.png,alpecca_pose_016_tech_guardian_with_a_stop_gesture_v01.png,pose,pose_movement_reference,ref_keep,1024,1536,PNG,1520.6,Pose/action/movement reference; use for animation planning.
tech_powered_sprint_in_pastel_hues.png,alpecca_pose_017_tech_powered_sprint_in_pastel_hues_v01.png,pose,pose_movement_reference,ref_keep,1024,1536,PNG,1784.2,Pose/action/movement reference; use for animation planning.
tech_shielded_futuristic_heroine_portrait.png,alpecca_pose_018_tech_shielded_futuristic_heroine_portrait_v01.png,pose,pose_movement_reference,ref_keep,1024,1536,PNG,1813.5,Pose/action/movement reference; use for animation planning.
a_clean_infographic_guide_sheet_screenshot_on_a_wh.png,alpecca_desktop_001_infographicc_guide_sheett_white_v01.png,desktop,desktop_companion_reference,ref_keep,1153,1364,PNG,1682.9,Desktop companion or UI behavior reference.
ai_assistant_and_reminder_card.png,alpecca_desktop_002_ai_assistant_and_reminder_card_v01.png,desktop,desktop_companion_reference,ref_keep,1122,1402,PNG,1158.1,Desktop companion or UI behavior reference.
ai_assistant_with_task_list.png,alpecca_desktop_003_ai_assistant_with_task_list_v01.png,desktop,desktop_companion_reference,ref_keep,1122,1402,PNG,1472.7,Desktop companion or UI behavior reference.
ai_companion_offering_a_reminder.png,alpecca_desktop_004_ai_companion_offering_a_reminder_v01.png,desktop,desktop_companion_reference,ref_keep,1122,1402,PNG,1208.5,Desktop companion or UI behavior reference.
ai_companion_on_a_sleek_desktop.png,alpecca_desktop_005_ai_companion_on_a_sleek_designktop_v01.png,desktop,desktop_companion_reference,ref_keep,1122,1402,PNG,1724.0,Desktop companion or UI behavior reference.
ai_companion_reminder_notification.png,alpecca_desktop_006_ai_companion_reminder_notification_v01.png,desktop,desktop_companion_reference,ref_keep,1122,1402,PNG,1145.3,Desktop companion or UI behavior reference.
chibi_girl_with_reminder_notification.png,alpecca_desktop_007_chibi_girl_with_reminder_notification_v01.png,desktop,desktop_companion_reference,ref_keep,1086,1448,PNG,1685.4,Desktop companion or UI behavior reference.
cute_ai_assistant_at_the_keyboard.png,alpecca_desktop_008_cute_ai_assistant_at_the_keyboard_v01.png,desktop,desktop_companion_reference,ref_keep,1122,1402,PNG,1723.4,Desktop companion or UI behavior reference.
friendly_ai_companion_peeking_from_screen.png,alpecca_desktop_009_friendly_ai_companion_peeking_from_screen_v01.png,desktop,desktop_companion_reference,ref_keep,1122,1402,PNG,1509.6,Desktop companion or UI behavior reference.
friendly_ai_companion_with_holographic_note.png,alpecca_desktop_010_friendly_ai_companion_with_holographic_note_v01.png,desktop,desktop_companion_reference,ref_keep,1122,1402,PNG,1165.0,Desktop companion or UI behavior reference.
futuristic_ai_assistant_on_desktop_app.png,alpecca_desktop_011_futuristic_ai_assistant_on_designktop_app_v01.png,desktop,desktop_companion_reference,ref_keep,1122,1402,PNG,1707.0,Desktop companion or UI behavior reference.
tech_assistant_with_system_alert.png,alpecca_desktop_012_tech_assistant_with_system_alert_v01.png,desktop,desktop_companion_reference,ref_keep,1122,1402,PNG,1287.6,Desktop companion or UI behavior reference.
alert_sign_from_a_chibi_companion.png,alpecca_chibi_001_alert_sign_from_a_chibi_companion_v01.png,chibi,chibi_notification_reference,ref_keep,1086,1448,PNG,1321.3,Chibi/notification reference.
55960.png,alpecca_legacy_001_55960_v01.png,legacy,legacy_uncataloged,review,1024,1536,JPEG,148.2,Legacy generated numbered image; inspect visually before final naming. Current file extension is .png but image data is JPEG; convert to true PNG for Live2D.
55994.png,alpecca_legacy_002_55994_v01.png,legacy,legacy_uncataloged,review,1024,1536,JPEG,130.9,Legacy generated numbered image; inspect visually before final naming. Current file extension is .png but image data is JPEG; convert to true PNG for Live2D.
56055.png,alpecca_legacy_003_56055_v01.png,legacy,legacy_uncataloged,review,1229,1536,JPEG,175.4,Legacy generated numbered image; inspect visually before final naming. Current file extension is .png but image data is JPEG; convert to true PNG for Live2D.
56056.png,alpecca_legacy_004_56056_v01.png,legacy,legacy_uncataloged,review,1229,1536,JPEG,193.8,Legacy generated numbered image; inspect visually before final naming. Current file extension is .png but image data is JPEG; convert to true PNG for Live2D.
56073.png,alpecca_legacy_005_56073_v01.png,legacy,legacy_uncataloged,review,1229,1536,JPEG,146.6,Legacy generated numbered image; inspect visually before final naming. Current file extension is .png but image data is JPEG; convert to true PNG for Live2D.
56074.png,alpecca_legacy_006_56074_v01.png,legacy,legacy_uncataloged,review,1536,1024,JPEG,185.7,Legacy generated numbered image; inspect visually before final naming. Current file extension is .png but image data is JPEG; convert to true PNG for Live2D.
56078.png,alpecca_legacy_007_56078_v01.png,legacy,legacy_uncataloged,review,1229,1536,JPEG,260.4,Legacy generated numbered image; inspect visually before final naming. Current file extension is .png but image data is JPEG; convert to true PNG for Live2D.
56084.png,alpecca_legacy_008_56084_v01.png,legacy,legacy_uncataloged,review,1229,1536,JPEG,260.8,Legacy generated numbered image; inspect visually before final naming. Current file extension is .png but image data is JPEG; convert to true PNG for Live2D.
a_clean_catalog_like_composite_image_a_grid_of_an.png,alpecca_reject_composite_001_catalog_like_composite_image_a_grid_of_an_v01.png,reject_composite,reference_only_composite,ref_only,1175,1339,PNG,2386.2,Composite/grid output; do not use as an individual production asset.
a_clean_compilation_sheet_reference_sheet_style.png,alpecca_reject_composite_002_compilation_sheett_referencerence_sheett_stylee_v01.png,reject_composite,reference_only_composite,ref_only,1536,1024,PNG,1975.1,Composite/grid output; do not use as an individual production asset.
a_clean_white_background_collage_reference_sheet.png,alpecca_reject_composite_003_white_backgroundground_collage_referencerence_sheett_v01.png,reject_composite,reference_only_composite,ref_only,1536,1024,PNG,1479.1,Composite/grid output; do not use as an individual production asset.
a_clean_white_background_multi_panel_character_re.png,alpecca_reject_composite_004_white_backgroundground_multi_panel_character_re_v01.png,reject_composite,reference_only_composite,ref_only,1536,1024,PNG,1513.8,Composite/grid output; do not use as an individual production asset.
a_collection_of_nine_separate_digital_anime_style.png,alpecca_reject_composite_005_collection_of_nine_separate_digital_anime_stylee_v01.png,reject_composite,reference_only_composite,ref_only,1024,1536,PNG,3418.2,Composite/grid output; do not use as an individual production asset.
a_collection_of_ten_separate_digital_illustrations.png,alpecca_reject_composite_006_collection_of_ten_separate_digital_illustrations_v01.png,reject_composite,reference_only_composite,ref_only,1024,1536,PNG,2485.7,Composite/grid output; do not use as an individual production asset.
a_clean_digital_anime_illustration_on_a_white_back.png,alpecca_misc_001_digital_anime_illustration_on_a_white_background_v01.png,misc,misc_review,review,1536,1024,PNG,1439.4,Review manually; category inferred as miscellaneous.
a_clean_high_resolution_anime_style_character_ref.png,alpecca_misc_002_high_resolution_anime_stylee_character_ref_v01.png,misc,misc_review,review,1122,1402,PNG,1380.2,Review manually; category inferred as miscellaneous.
a_clean_high_resolution_anime_style_illustration.png,alpecca_misc_003_high_resolution_anime_stylee_illustration_v01.png,misc,misc_review,review,1536,1024,PNG,1466.1,Review manually; category inferred as miscellaneous.
a_clean_studio_like_illustration_scene_on_a_white.png,alpecca_misc_004_studio_like_illustration_scene_on_a_white_v01.png,misc,misc_review,review,1536,1024,PNG,1257.6,Review manually; category inferred as miscellaneous.
ai_assistant_organizing_digital_workspace.png,alpecca_misc_005_ai_assistant_organizing_digital_workspace_v01.png,misc,misc_review,review,1086,1448,PNG,1530.7,Review manually; category inferred as miscellaneous.
ai_assistant_with_blue_accents.png,alpecca_misc_006_ai_assistant_with_blue_accents_v01.png,misc,misc_review,review,1122,1402,PNG,1806.4,Review manually; category inferred as miscellaneous.
ai_companion_in_thought.png,alpecca_misc_007_ai_companion_in_thought_v01.png,misc,misc_review,review,1086,1448,PNG,1671.9,Review manually; category inferred as miscellaneous.
ai_companion_with_compassionate_vibes.png,alpecca_misc_008_ai_companion_with_compassionate_vibes_v01.png,misc,misc_review,review,1086,1448,PNG,1791.6,Review manually; category inferred as miscellaneous.
ai_companion_with_soft_blue_accents.png,alpecca_misc_009_ai_companion_with_soft_blue_accents_v01.png,misc,misc_review,review,1122,1402,PNG,1832.9,Review manually; category inferred as miscellaneous.
anime_ai_assistant_with_blue_accents.png,alpecca_misc_010_anime_ai_assistant_with_blue_accents_v01.png,misc,misc_review,review,1122,1402,PNG,1561.1,Review manually; category inferred as miscellaneous.
anime_coding_assistant_with_tech_holograms.png,alpecca_misc_011_anime_coding_assistant_with_tech_holograms_v01.png,misc,misc_review,review,1086,1448,PNG,1490.3,Review manually; category inferred as miscellaneous.
anime_girl_in_hoodie_with_lanyard.png,alpecca_misc_012_anime_girl_in_hoodie_with_lanyard_v01.png,misc,misc_review,review,1122,1402,PNG,1544.5,Review manually; category inferred as miscellaneous.
anime_girl_with_alpecca_id_badge.png,alpecca_misc_013_anime_girl_with_alpecca_id_badge_v01.png,misc,misc_review,review,1086,1448,PNG,1670.4,Review manually; category inferred as miscellaneous.
anime_girl_with_blue_accents.png,alpecca_misc_014_anime_girl_with_blue_accents_v01.png,misc,misc_review,review,1086,1448,PNG,1687.4,Review manually; category inferred as miscellaneous.
anime_girl_with_blue_accents_and_id.png,alpecca_misc_015_anime_girl_with_blue_accents_and_id_v01.png,misc,misc_review,review,1122,1402,PNG,1789.3,Review manually; category inferred as miscellaneous.
anime_girl_with_blue_accents_and_logo.png,alpecca_misc_016_anime_girl_with_blue_accents_and_logo_v01.png,misc,misc_review,review,1122,1402,PNG,1619.4,Review manually; category inferred as miscellaneous.
anime_vtuber_with_blue_accents.png,alpecca_misc_017_anime_vtuber_with_blue_accents_v01.png,misc,misc_review,review,1086,1448,PNG,1680.0,Review manually; category inferred as miscellaneous.
bald_anime_character_headshot_template.png,alpecca_misc_018_bald_anime_character_headshot_template_v01.png,misc,misc_review,review,1122,1402,PNG,899.1,Review manually; category inferred as miscellaneous.
blue_accents_and_soft_pastel_vibes.png,alpecca_misc_019_blue_accents_and_soft_pastel_vibes_v01.png,misc,misc_review,review,1122,1402,PNG,1757.1,Review manually; category inferred as miscellaneous.
bright_eyed_anime_girl_with_blue_accents.png,alpecca_misc_020_bright_eyed_anime_girl_with_blue_accents_v01.png,misc,misc_review,review,1122,1402,PNG,1640.5,Review manually; category inferred as miscellaneous.
concerned_digital_assistant_in_soft_pastels.png,alpecca_misc_021_concerned_digital_assistant_in_soft_pastels_v01.png,misc,misc_review,review,1024,1536,PNG,1271.3,Review manually; category inferred as miscellaneous.
digital_assistant_in_pastel_hues.png,alpecca_misc_022_digital_assistant_in_pastel_hues_v01.png,misc,misc_review,review,1122,1402,PNG,1803.0,Review manually; category inferred as miscellaneous.
friendly_ai_companion_tutorial_demo.png,alpecca_misc_023_friendly_ai_companion_tutorial_demo_v01.png,misc,misc_review,review,1122,1402,PNG,1651.8,Review manually; category inferred as miscellaneous.
futuristic_ai_assistant_in_blue_accents.png,alpecca_misc_024_futuristic_ai_assistant_in_blue_accents_v01.png,misc,misc_review,review,1122,1402,PNG,1724.2,Review manually; category inferred as miscellaneous.
futuristic_ai_assistant_in_pastel_hues.png,alpecca_misc_025_futuristic_ai_assistant_in_pastel_hues_v01.png,misc,misc_review,review,1024,1536,PNG,1273.1,Review manually; category inferred as miscellaneous.
futuristic_ai_assistant_in_thought.png,alpecca_misc_026_futuristic_ai_assistant_in_thought_v01.png,misc,misc_review,review,1024,1536,PNG,1421.1,Review manually; category inferred as miscellaneous.
futuristic_ai_assistant_with_halo_effects.png,alpecca_misc_027_futuristic_ai_assistant_with_halo_effects_v01.png,misc,misc_review,review,1024,1536,PNG,1292.4,Review manually; category inferred as miscellaneous.
futuristic_ai_assistant_with_holographic_interface.png,alpecca_misc_028_futuristic_ai_assistant_with_holographic_interface_v01.png,misc,misc_review,review,1122,1402,PNG,1230.6,Review manually; category inferred as miscellaneous.
futuristic_angel_with_glowing_halo.png,alpecca_misc_029_futuristic_angel_with_glowing_halo_v01.png,misc,misc_review,review,1086,1448,PNG,1647.3,Review manually; category inferred as miscellaneous.
futuristic_anime_assistant_with_tech_halo.png,alpecca_misc_030_futuristic_anime_assistant_with_tech_halo_v01.png,misc,misc_review,review,1122,1402,PNG,1694.1,Review manually; category inferred as miscellaneous.
futuristic_anime_girl_with_halo_effect.png,alpecca_misc_031_futuristic_anime_girl_with_halo_effect_v01.png,misc,misc_review,review,1024,1536,PNG,1377.8,Review manually; category inferred as miscellaneous.
futuristic_anime_girl_with_tech_aura.png,alpecca_misc_032_futuristic_anime_girl_with_tech_aura_v01.png,misc,misc_review,review,1024,1536,PNG,1320.9,Review manually; category inferred as miscellaneous.
futuristic_assistant_with_blue_holograms.png,alpecca_misc_033_futuristic_assistant_with_blue_holograms_v01.png,misc,misc_review,review,1122,1402,PNG,1510.8,Review manually; category inferred as miscellaneous.
futuristic_assistant_with_pastel_elegance.png,alpecca_misc_034_futuristic_assistant_with_pastel_elegance_v01.png,misc,misc_review,review,1122,1402,PNG,1754.9,Review manually; category inferred as miscellaneous.
futuristic_girl_in_pastel_hues.png,alpecca_misc_035_futuristic_girl_in_pastel_hues_v01.png,misc,misc_review,review,1024,1536,PNG,1490.8,Review manually; category inferred as miscellaneous.
futuristic_girl_with_glowing_halo.png,alpecca_misc_036_futuristic_girl_with_glowing_halo_v01.png,misc,misc_review,review,1086,1448,PNG,1597.7,Review manually; category inferred as miscellaneous.
futuristic_idol_in_tech_inspired_fashion.png,alpecca_misc_037_futuristic_idol_in_tech_inspired_fashion_v01.png,misc,misc_review,review,1086,1448,PNG,1265.2,Review manually; category inferred as miscellaneous.
futuristic_tech_fashion_on_display.png,alpecca_misc_038_futuristic_tech_fashion_on_display_v01.png,misc,misc_review,review,1086,1448,PNG,1547.8,Review manually; category inferred as miscellaneous.
imagegen.png,alpecca_misc_039_imagegen_v01.png,misc,misc_review,review,1254,1254,PNG,724.7,Review manually; category inferred as miscellaneous.
low_power_ai_companion_in_distress.png,alpecca_misc_040_low_power_ai_companion_in_distress_v01.png,misc,misc_review,review,1086,1448,PNG,1611.7,Review manually; category inferred as miscellaneous.
pastel_halo_and_futuristic_style.png,alpecca_misc_041_pastel_halo_and_futuristic_stylee_v01.png,misc,misc_review,review,1086,1448,PNG,1097.5,Review manually; category inferred as miscellaneous.
serious_anime_girl_with_id_badge.png,alpecca_misc_042_serious_anime_girl_with_id_badge_v01.png,misc,misc_review,review,1122,1402,PNG,1797.6,Review manually; category inferred as miscellaneous.
sleeping_ai_companion_in_a_futuristic_dream.png,alpecca_misc_043_sleeping_ai_companion_in_a_futuristic_dream_v01.png,misc,misc_review,review,1122,1402,PNG,1594.7,Review manually; category inferred as miscellaneous.
smiling_assistant_with_cool_toned_accents.png,alpecca_misc_044_smiling_assistant_with_cool_toned_accents_v01.png,misc,misc_review,review,1122,1402,PNG,1573.4,Review manually; category inferred as miscellaneous.
tech_angel_in_futuristic_attire.png,alpecca_misc_045_tech_angel_in_futuristic_attire_v01.png,misc,misc_review,review,1086,1448,PNG,1647.0,Review manually; category inferred as miscellaneous.
tech_assistant_in_a_futuristic_setting.png,alpecca_misc_046_tech_assistant_in_a_futuristic_setting_v01.png,misc,misc_review,review,1122,1402,PNG,1594.3,Review manually; category inferred as miscellaneous.
techy_celebration_with_alpecca_the_ai_assistant.png,alpecca_misc_047_techy_celebration_with_alpecca_the_ai_assistant_v01.png,misc,misc_review,review,1086,1448,PNG,1666.2,Review manually; category inferred as miscellaneous.
techy_companion_in_futuristic_ui_environment.png,alpecca_misc_048_techy_companion_in_futuristic_ui_environment_v01.png,misc,misc_review,review,1122,1402,PNG,1634.9,Review manually; category inferred as miscellaneous.
virtual_assistant_in_pastel_hues.png,alpecca_misc_049_virtual_assistant_in_pastel_hues_v01.png,misc,misc_review,review,1122,1402,PNG,1591.1,Review manually; category inferred as miscellaneous.
virtual_assistant_with_holographic_interface.png,alpecca_misc_050_virtual_assistant_with_holographic_interface_v01.png,misc,misc_review,review,1024,1536,PNG,1330.2,Review manually; category inferred as miscellaneous.
youthful_tech_inspired_character_in_hoodie.png,alpecca_misc_051_youthful_tech_inspired_character_in_hoodie_v01.png,misc,misc_review,review,1086,1448,PNG,1493.7,Review manually; category inferred as miscellaneous.
